name,email,company,industry,language
Maurice Dental,admin@mauricedental.com,Maurice Dental Clinic,dental,ar
Wonders Dentistry,info@wondersdentistry.com,Wonders Dentistry,dental,ar
Liberty Dental,info@lmg.ae,Liberty Dental Clinic,dental,en
Avance Dental,avancedentaldubai@gmail.com,Avance Dental Clinic,dental,en
Dental Care Clinic,info@dentalcareclinic.ae,Dental Care Clinic,dental,en
DentisTree,jumeirah@dentistree.ae,DentisTree Jumeirah,dental,en
Precision Dental,info@precisiondentalclinic.ae,Precision Dental Clinic,dental,en
Espace Real Estate,info@espace.ae,Espace Real Estate,real estate,en
Dental Care Egypt,info@dentalcareegypt.com,Dental Care Egypt,dental,ar
AlMeswak Medical,info@almeswak.com,AlMeswak Medical Group,dental,ar
Horizon Dental,info@HorizonDent.com,Horizon Dental Center,dental,en
Obeid Hospital,info@obeidhospitals.com,Obeid Specialized Hospital,dental,ar
Smile Design,info@stylishsmile.com,Smile Design Dental,dental,en
AQUA Dent,info@aquadentistry.com,AQUA Dent Clinics,dental,en
Magrabi Dental,madina-road-dental@magrabi.com.sa,Magrabi Health Dental,dental,en
TAM Dental,info@tamdental.sa,TAM Dental,dental,en
Element Real Estate,hello@element-realestate.com,Element Real Estate,real estate,ar
The Address,info@theaddress-eg.com,The Address Consultancy,real estate,ar
Platinum Properties,info@platinum-egypt.com,Platinum Properties Egypt,real estate,ar
EgyProperty,info@egyproperty-eg.com,EgyProperty,real estate,ar
Chances RE,Sales@chancesrealestate.com,Chances Real Estate,real estate,ar
Egypt Realtor,Realestate@egyptrealtor.com,Egypt Realtor,real estate,ar
Sizzler Egypt,info@sizzleregypt.com,Sizzler Steakhouse Egypt,restaurant,ar
Cilantro Cafe,customerservice@cilantrocafe.net,Cilantro Cafe,restaurant,ar
La Poire,marketing@lapoire.net,La Poire Group,restaurant,ar
Peking Restaurant,sales@peking-eg.com,Peking Restaurant,restaurant,ar
Cheers Egypt,info@cheersegypt.com,Cheers Egypt,restaurant,ar
Al Tayer Motors,contactcentre@altayer-motors.com,Al Tayer Motors,car dealership,en
AGMC BMW,bmw@agmc.ae,AGMC BMW Dubai,car dealership,en
Auto Deals UAE,info@autodealsuae.com,Auto Deals UAE,car dealership,en
Maestro Motors,info@maestro-motors.com,Maestro Motors Dubai,car dealership,en
Raseal Motors,info@rasealmotors.com,Raseal Motors Dubai,car dealership,en
Excellage Medical Spa,Info@excellage.ae,Excellage Medical Spa,dental,en
American Academy of Cosmetic Surgery,info@aacsh.com,AACSH Dubai,dental,en
Medical Specialists Centre,info@msc-dubai.com,Medical Specialists Centre,dental,en
Bionix Medspa,bionixalbarsha@gmail.com,Bionix Medspa,dental,en
ReMed Medical,info@remedmanagement.com,ReMed Medical Cavallo,dental,en
JMED Clinic,hello@jmedclinic.com,JMED Clinic Dubai,dental,en
I Feel Spa,info@ifeelspainternational.com,I Feel Spa Dubai,dental,en
Palm Clinics,info@palmclinics.com,Palm Clinics Riyadh,dental,ar
The Clinics Riyadh,hello@the-clinics.com,The Clinics Riyadh,dental,ar
Mayam Aesthetics,info@mayamaesthetics.com.sa,Mayam Aesthetics,dental,ar
Royal Clinic Saudia,info@royalclinicsaudia.com,Royal Clinic Saudia,dental,ar
Dora Clinics,admin@doraclinic.sa,Dora Clinics Riyadh,dental,ar
Quintessentially Estates,info@quintessentiallyestates.com,Quintessentially Estates,real estate,en
Regent Property,info@regent-property.com,Regent Property London,real estate,en
Elegant Property,info@elegantpropertygroup.co.uk,Elegant Property Group,real estate,en
Crown Luxury Homes,sales@crownluxuryhomes.com,Crown Luxury Homes,real estate,en
Luxury Property Partners,enquiries@luxurypropertypartners.co.uk,Luxury Property Partners,real estate,en
LuxuryProperty Dubai,hello@luxuryproperty.com,LuxuryProperty.com,real estate,en
